frame,xmin,xmax,ymin,ymax,class_id
0_1573img.jpeg,137,144,572,586,3
0_1573img.jpeg,166,173,572,588,3
0_1573img.jpeg,194,201,573,589,3
0_913img.jpeg,92,121,408,477,3
0_913img.jpeg,229,263,411,483,3
0_913img.jpeg,370,399,414,485,3
2_1img (72).jpeg,201,210,566,584,1
2_1img (72).jpeg,234,242,567,585,1
2_1img (72).jpeg,266,276,567,586,1
0_39img.jpeg,238,257,504,543,3
0_39img.jpeg,313,333,506,549,3
0_39img.jpeg,387,402,508,547,3
2_1img (180).jpeg,34,53,514,547,1
2_1img (180).jpeg,104,123,513,549,1
2_1img (180).jpeg,170,187,516,553,1
2_1img (147).jpeg,246,316,189,337,1
2_1img (147).jpeg,538,607,200,346,1
2_1img (62).jpeg,234,243,569,585,1
2_1img (62).jpeg,266,274,570,585,1
2_1img (62).jpeg,298,306,570,585,1
0_2501img.jpeg,124,146,477,525,3
0_2501img.jpeg,216,241,480,528,3
0_2501img.jpeg,308,329,479,530,3
2_1img (32).jpeg,602,608,587,599,1
2_1img (32).jpeg,627,634,587,600,1
2_1img (32).jpeg,652,659,587,600,1
1_00217img.jpeg,374,421,340,442,2
1_00217img.jpeg,566,612,347,447,2
1_00217img.jpeg,754,799,355,451,2
1_00217img.jpeg,570,581,585,600,2
1_00217img.jpeg,602,610,585,600,2
1_00217img.jpeg,632,640,585,600,2
2_1img (167).jpeg,553,569,543,570,1
2_1img (167).jpeg,607,622,544,573,1
2_1img (167).jpeg,661,675,545,574,1
1_0781img.jpeg,412,423,548,574,1
1_0781img.jpeg,457,471,550,574,1
1_0781img.jpeg,506,517,549,575,1
2_1img (71).jpeg,201,211,566,584,1
2_1img (71).jpeg,233,243,567,585,1
2_1img (71).jpeg,267,276,567,586,1
1_084img.jpeg,548,562,537,567,2
1_084img.jpeg,605,620,537,568,2
1_084img.jpeg,661,677,539,570,2
2_1img (92).jpeg,212,236,456,510,1
2_1img (92).jpeg,318,342,459,513,1
2_1img (92).jpeg,424,448,462,515,1
2_1img (92).jpeg,386,393,579,594,1
2_1img (92).jpeg,413,420,578,594,1
2_1img (92).jpeg,441,448,580,594,1
1_9img.jpeg,196,228,422,490,2
1_9img.jpeg,328,357,425,492,2
1_9img.jpeg,458,488,427,495,2
0_340img.jpeg,84,102,492,533,3
0_340img.jpeg,167,186,493,534,3
0_340img.jpeg,248,270,495,537,3
2_1img (36).jpeg,567,573,582,595,1
2_1img (36).jpeg,593,599,582,596,1
2_1img (36).jpeg,618,624,581,596,1
0_1705img.jpeg,567,578,564,587,3
0_1705img.jpeg,607,615,564,586,3
2_1img (157).jpeg,12,37,457,510,1
2_1img (157).jpeg,118,143,461,513,1
2_1img (157).jpeg,223,246,463,516,1
1_213img.jpeg,1,44,356,447,2
1_213img.jpeg,177,221,361,448,2
1_213img.jpeg,353,395,367,454,2
2_1img (160).jpeg,468,481,544,571,1
2_1img (160).jpeg,519,533,545,574,1
2_1img (160).jpeg,569,583,547,573,1
1_00194img.jpeg,596,603,566,585,2
1_00194img.jpeg,635,643,566,587,2
1_00194img.jpeg,673,682,568,587,2
0_2533img.jpeg,162,194,422,487,3
0_2533img.jpeg,292,322,425,492,3
0_2533img.jpeg,422,453,427,495,3
2_1img (37).jpeg,559,565,576,589,1
2_1img (37).jpeg,584,591,576,590,1
2_1img (37).jpeg,608,615,576,590,1
2_1img (154).jpeg,283,365,111,284,1
2_1img (154).jpeg,631,710,121,296,1
1_178img.jpeg,246,272,451,510,2
1_178img.jpeg,356,382,454,510,2
1_178img.jpeg,463,491,456,514,2
1_178img.jpeg,424,431,579,592,2
1_178img.jpeg,453,460,580,595,2
1_178img.jpeg,478,487,579,595,2
0_img (115).jpeg,175,189,544,571,3
0_img (115).jpeg,223,235,543,571,3
0_img (115).jpeg,271,281,545,572,3
0_838img.jpeg,384,394,550,572,3
0_838img.jpeg,425,435,550,572,3
0_838img.jpeg,467,477,552,574,3
2_1img (129).jpeg,59,72,548,572,1
2_1img (129).jpeg,103,115,548,572,1
2_1img (129).jpeg,145,158,551,575,1
2_1img (24).jpeg,673,680,589,600,1
2_1img (24).jpeg,699,705,589,600,1
2_1img (24).jpeg,724,730,590,600,1
2_1img (48).jpeg,722,728,583,597,1
2_1img (48).jpeg,751,757,584,598,1
2_1img (48).jpeg,779,787,583,599,1
2_1img (175).jpeg,13,34,473,521,1
2_1img (175).jpeg,105,129,476,524,1
2_1img (175).jpeg,196,220,478,527,1
2_1img (175).jpeg,161,170,574,590,1
2_1img (175).jpeg,186,194,576,591,1
2_1img (175).jpeg,213,221,578,592,1
1_00166img.jpeg,1,70,31,230,2
1_00166img.jpeg,373,467,46,243,2
1_00166img.jpeg,763,800,62,254,2
0_3397img.jpeg,13,24,541,568,2
0_3397img.jpeg,60,71,543,570,2
0_3397img.jpeg,107,118,543,570,2
0_2579img.jpeg,82,146,214,353,3
0_2579img.jpeg,356,421,223,361,3
0_2579img.jpeg,625,687,231,366,3
2_1img (21).jpeg,355,376,490,534,1
2_1img (21).jpeg,441,462,490,534,1
2_1img (21).jpeg,528,549,493,537,1
0_1060img.jpeg,636,647,560,585,3
0_1060img.jpeg,592,604,558,581,3
0_1060img.jpeg,550,562,558,582,3
2_1img (134).jpeg,36,47,545,571,1
2_1img (134).jpeg,78,92,547,570,1
2_1img (134).jpeg,124,135,547,572,1
2_1img (12).jpeg,15,104,104,285,1
2_1img (12).jpeg,364,447,110,286,1
2_1img (12).jpeg,714,800,115,289,1
1_157img.jpeg,231,241,566,585,2
1_157img.jpeg,265,273,568,587,2
1_157img.jpeg,297,305,567,586,2
0_703img.jpeg,175,202,457,515,3
0_703img.jpeg,279,305,464,518,3
0_703img.jpeg,383,405,465,520,3
0_703img.jpeg,349,357,578,593,3
0_703img.jpeg,378,383,579,595,3
0_703img.jpeg,405,412,579,596,3
2_1img (22).jpeg,346,367,489,533,1
2_1img (22).jpeg,524,545,492,536,1
2_1img (22).jpeg,434,455,489,533,1
0_830img.jpeg,403,413,548,569,3
0_830img.jpeg,444,453,549,569,3
0_830img.jpeg,484,494,548,571,3
2_1img (164).jpeg,525,538,544,571,1
2_1img (164).jpeg,576,590,544,574,1
2_1img (164).jpeg,628,643,544,574,1
0_178img.jpeg,369,396,447,508,3
0_178img.jpeg,483,511,453,509,3
0_178img.jpeg,598,624,453,512,3
2_238img.jpeg,142,207,213,355,3
2_238img.jpeg,416,476,226,364,3
2_238img.jpeg,674,735,239,374,3
2_238img.jpeg,386,393,572,589,3
2_238img.jpeg,415,425,572,591,3
2_238img.jpeg,447,456,572,590,3
2_1img (102).jpeg,618,627,565,590,1
2_1img (102).jpeg,654,668,567,590,1
2_1img (102).jpeg,693,706,564,589,1
0_3275img.jpeg,276,322,331,435,3
0_3275img.jpeg,478,526,334,438,3
0_3275img.jpeg,682,731,337,442,3
0_img (144).jpeg,289,303,525,559,3
0_img (144).jpeg,350,365,527,560,3
0_img (144).jpeg,411,426,529,561,3
1_78img.jpeg,82,106,460,515,2
1_78img.jpeg,186,208,463,516,2
0_26img.jpeg,32,65,398,471,3
0_26img.jpeg,180,212,401,475,3
0_26img.jpeg,326,357,404,479,3
0_26img.jpeg,452,459,592,600,3
0_26img.jpeg,474,478,592,600,3
0_26img.jpeg,495,501,590,600,3
2_1img (103).jpeg,608,618,565,586,1
2_1img (103).jpeg,643,658,564,590,1
2_1img (103).jpeg,684,696,565,589,1
0_3242img.jpeg,484,513,428,494,3
0_3242img.jpeg,614,642,431,496,3
0_3242img.jpeg,745,778,431,497,3
0_197img.jpeg,388,421,410,484,3
0_197img.jpeg,529,562,413,486,3
0_197img.jpeg,670,703,417,489,3
0_197img.jpeg,581,588,580,597,3
0_197img.jpeg,610,617,580,598,3
0_197img.jpeg,640,646,582,598,3
0_2221img.jpeg,4,29,464,517,3
0_2221img.jpeg,101,127,466,519,3
2_1img (13).jpeg,13,98,93,272,1
2_1img (13).jpeg,731,800,101,281,1
2_1img (13).jpeg,370,455,96,275,1
1_00210img.jpeg,15,56,361,452,2
1_00210img.jpeg,187,226,368,455,2
1_00210img.jpeg,357,396,373,461,2
1_258img.jpeg,310,391,59,248,2
1_258img.jpeg,689,774,72,260,2
0_191img.jpeg,215,250,417,487,3
0_191img.jpeg,349,381,423,489,3
0_191img.jpeg,481,511,424,492,3
2_1img (2).jpeg,99,169,204,350,1
2_1img (2).jpeg,669,739,214,360,1
2_1img (2).jpeg,385,455,208,354,1
1_83img.jpeg,547,562,538,568,2
1_83img.jpeg,605,619,539,569,2
1_83img.jpeg,662,676,539,569,2
2_1img (82).jpeg,353,375,474,523,1
2_1img (82).jpeg,450,474,476,525,1
2_1img (82).jpeg,546,570,476,527,1
0_2375img.jpeg,52,61,550,574,3
0_2375img.jpeg,95,103,550,573,3
0_2375img.jpeg,135,145,553,576,3
2_1img (53).jpeg,8,27,508,543,1
2_1img (53).jpeg,80,97,508,546,1
0_img (137).jpeg,416,430,531,563,3
0_img (137).jpeg,475,491,531,565,3
0_img (137).jpeg,533,550,533,567,3
2_1img (146).jpeg,235,305,200,345,1
2_1img (146).jpeg,522,588,211,355,1
0_2543img.jpeg,155,190,392,468,3
0_2543img.jpeg,308,341,397,471,3
0_2543img.jpeg,457,494,401,476,3
1_164img.jpeg,8,96,62,253,2
1_164img.jpeg,387,474,76,265,2
1_164img.jpeg,753,800,87,276,2
2_1img (73).jpeg,251,273,482,531,1
2_1img (73).jpeg,341,365,485,533,1
2_1img (73).jpeg,430,452,485,534,1
0_334img.jpeg,503,518,542,571,3
0_334img.jpeg,557,571,542,572,3
0_334img.jpeg,611,625,542,572,3
0_1313img.jpeg,1,57,168,320,3
0_1313img.jpeg,291,360,174,328,3
0_1313img.jpeg,598,665,181,335,3
2_1img (142).jpeg,209,273,233,367,1
2_1img (142).jpeg,473,535,243,374,1
2_1img (172).jpeg,571,586,539,572,1
2_1img (172).jpeg,625,641,539,572,1
2_1img (172).jpeg,680,696,542,574,1
2_1img (77).jpeg,307,329,479,526,1
2_1img (77).jpeg,400,423,481,529,1
2_1img (77).jpeg,492,513,482,530,1
2_1img (177).jpeg,85,107,514,550,1
2_1img (177).jpeg,152,171,518,553,1
2_1img (177).jpeg,217,236,520,553,1
0_1583img.jpeg,145,154,569,585,3
0_1583img.jpeg,175,184,570,590,3
2_1img (34).jpeg,584,591,586,598,1
2_1img (34).jpeg,609,616,585,599,1
2_1img (34).jpeg,635,641,585,600,1
1_37img.jpeg,219,237,509,547,2
1_37img.jpeg,291,308,510,547,2
1_37img.jpeg,363,380,513,550,2
1_0277img.jpeg,40,62,495,540,2
1_0277img.jpeg,117,134,500,541,2
1_0277img.jpeg,191,211,503,543,2
1_0277img.jpeg,131,138,576,591,2
1_0277img.jpeg,157,163,577,592,2
1_0277img.jpeg,180,187,577,594,2
2_1img (182).jpeg,22,38,511,547,1
2_1img (182).jpeg,89,104,514,548,1
2_1img (182).jpeg,158,172,518,549,1
0_90img.jpeg,450,465,534,563,3
0_90img.jpeg,510,523,534,564,3
0_90img.jpeg,566,583,535,568,3
0_img (195).jpeg,113,128,518,554,3
0_img (195).jpeg,173,191,521,555,3
0_img (195).jpeg,236,255,523,558,3
0_img (195).jpeg,166,175,578,594,3
0_img (195).jpeg,191,197,579,594,3
0_img (195).jpeg,213,221,579,595,3
2_1img (125).jpeg,110,120,550,571,1
2_1img (125).jpeg,152,162,551,573,1
2_1img (125).jpeg,195,206,553,575,1
2_1img (124).jpeg,391,435,356,449,1
2_1img (124).jpeg,573,616,362,454,1
2_1img (124).jpeg,753,797,367,460,1
2_1img (124).jpeg,585,592,587,600,1
2_1img (124).jpeg,616,624,587,600,1
2_1img (124).jpeg,648,654,586,600,1
0_2124img.jpeg,14,28,529,559,3
1_239img.jpeg,87,100,544,569,2
1_239img.jpeg,135,146,545,571,2
1_239img.jpeg,180,194,546,571,2
2_1img (90).jpeg,186,213,458,513,1
2_1img (90).jpeg,291,317,460,518,1
2_1img (90).jpeg,393,420,464,520,1
1_0083img.jpeg,548,562,537,567,2
1_0083img.jpeg,605,620,540,569,2
1_0083img.jpeg,662,676,542,571,2
0_150img.jpeg,189,207,486,534,3
0_150img.jpeg,273,294,491,532,3
0_150img.jpeg,361,383,492,537,3
1_166img.jpeg,1,72,30,232,2
1_166img.jpeg,374,466,47,242,2
1_166img.jpeg,763,799,57,255,2
1_11img.jpeg,191,221,421,490,2
1_11img.jpeg,321,353,423,491,2
1_11img.jpeg,453,484,427,493,2
1_00127img.jpeg,1,16,503,542,2
1_00127img.jpeg,73,89,503,542,2
2_1img (55).jpeg,1,18,505,540,1
2_1img (55).jpeg,70,89,509,544,1
0_1849img.jpeg,300,323,474,524,3
0_1849img.jpeg,395,417,474,526,3
0_1849img.jpeg,491,516,476,526,3
2_1img (27).jpeg,648,654,587,600,1
2_1img (27).jpeg,672,679,587,600,1
2_1img (27).jpeg,696,705,587,600,1
0_127img.jpeg,345,389,352,447,3
0_127img.jpeg,534,574,355,451,3
0_127img.jpeg,721,762,362,453,3
1_00277img.jpeg,563,574,539,569,2
1_00277img.jpeg,616,632,543,568,2
1_00277img.jpeg,673,686,544,571,2
1_00122img.jpeg,296,336,368,455,2
1_00122img.jpeg,468,509,372,459,2
1_00122img.jpeg,641,681,376,462,2
2_1img (16).jpeg,375,463,48,244,1
2_1img (16).jpeg,1,77,44,239,1
0_2262img.jpeg,200,242,377,461,3
0_2262img.jpeg,364,402,383,466,3
0_2262img.jpeg,523,563,387,471,3
1_00176img.jpeg,234,261,453,508,2
1_00176img.jpeg,344,370,456,512,2
1_00176img.jpeg,452,476,458,514,2
1_00176img.jpeg,468,474,580,593,2
1_00176img.jpeg,441,448,580,594,2
1_00176img.jpeg,412,420,579,593,2
0_22img.jpeg,84,117,405,477,3
0_22img.jpeg,227,259,411,480,3
0_22img.jpeg,368,401,411,483,3
0_22img.jpeg,494,499,592,599,3
0_22img.jpeg,513,520,592,600,3
0_22img.jpeg,535,539,592,600,3
2_1img (43).jpeg,619,626,582,596,1
2_1img (43).jpeg,646,654,583,596,1
2_1img (43).jpeg,674,681,583,596,1
1_00278img.jpeg,555,571,537,569,2
1_00278img.jpeg,610,629,540,571,2
1_00278img.jpeg,667,684,541,572,2
0_img (102).jpeg,162,211,311,422,3
0_img (102).jpeg,376,427,318,427,3
0_001img (11).jpeg,99,160,221,355,3
0_001img (11).jpeg,374,433,224,361,3
0_001img (11).jpeg,649,707,228,366,3
2_1img (76).jpeg,295,317,479,528,1
2_1img (76).jpeg,386,411,481,527,1
2_1img (76).jpeg,480,501,484,530,1
1_33img.jpeg,1,84,32,232,2
1_33img.jpeg,393,489,34,241,2
2_1img (78).jpeg,319,343,477,529,1
2_1img (78).jpeg,413,438,480,528,1
2_1img (78).jpeg,507,530,482,531,1
2_1img (5).jpeg,62,137,175,325,1
2_1img (5).jpeg,367,442,180,330,1
2_1img (5).jpeg,671,746,185,335,1
0_3232img.jpeg,649,679,449,513,3
0_3232img.jpeg,768,797,450,509,3
0_1946img.jpeg,358,456,9,222,3
0_1946img.jpeg,1,37,5,219,3
1_58img.jpeg,52,103,310,421,2
1_58img.jpeg,269,319,314,426,2
1_38img.jpeg,410,522,1,148,2
2_1img (52).jpeg,15,33,508,545,1
2_1img (52).jpeg,85,105,509,546,1
2_1img (113).jpeg,56,93,384,463,1
2_1img (113).jpeg,213,248,389,468,1
2_1img (113).jpeg,366,401,394,470,1
2_1img (174).jpeg,569,583,542,573,1
2_1img (174).jpeg,623,638,540,570,1
2_1img (174).jpeg,680,694,542,574,1
0_1324img.jpeg,150,239,53,249,3
0_1324img.jpeg,535,621,66,256,3
1_122img.jpeg,297,336,367,455,2
1_122img.jpeg,468,508,371,458,2
1_122img.jpeg,641,682,376,463,2
0_663img.jpeg,29,51,503,541,3
0_663img.jpeg,105,121,506,543,3
0_663img.jpeg,175,195,508,547,3
0_663img.jpeg,109,117,576,590,3
0_663img.jpeg,136,142,577,592,3
0_663img.jpeg,160,164,578,594,3
2_1img (81).jpeg,344,366,474,523,1
2_1img (81).jpeg,439,463,475,529,1
2_1img (81).jpeg,535,559,479,530,1
2_1img (46).jpeg,686,693,583,597,1
2_1img (46).jpeg,714,721,583,598,1
2_1img (46).jpeg,743,750,584,598,1
1_217img.jpeg,375,418,342,442,2
1_217img.jpeg,568,612,348,444,2
1_217img.jpeg,756,799,354,451,2
1_217img.jpeg,571,580,587,600,2
1_217img.jpeg,603,612,586,600,2
1_217img.jpeg,632,641,587,600,2
2_1img (41).jpeg,582,595,540,571,1
2_1img (41).jpeg,637,651,542,573,1
2_1img (41).jpeg,692,708,542,573,1
0_146img.jpeg,120,141,490,533,3
0_146img.jpeg,205,224,492,535,3
0_146img.jpeg,289,308,494,536,3
2_1img (118).jpeg,17,57,371,454,1
2_1img (118).jpeg,187,225,375,458,1
2_1img (118).jpeg,351,390,380,462,1
1_81img.jpeg,568,582,540,568,2
1_81img.jpeg,623,637,540,568,2
1_81img.jpeg,681,692,543,569,2
1_00165img.jpeg,1,82,47,238,2
1_00165img.jpeg,379,471,60,253,2
1_00165img.jpeg,758,800,74,264,2
2_1img (4).jpeg,69,141,185,334,1
2_1img (4).jpeg,368,440,188,337,1
2_1img (4).jpeg,666,738,192,341,1
1_0215img.jpeg,1,36,349,439,2
1_0215img.jpeg,175,217,355,445,2
1_0215img.jpeg,355,396,361,450,2
0_1304img.jpeg,90,150,235,366,3
0_1304img.jpeg,353,412,239,371,3
0_1304img.jpeg,616,676,241,374,3
1_150img.jpeg,153,160,571,587,2
1_150img.jpeg,178,186,572,587,2
1_150img.jpeg,205,212,572,589,2
2_1img (119).jpeg,18,58,367,453,1
2_1img (119).jpeg,188,228,373,457,1
2_1img (119).jpeg,354,393,380,462,1
2_1img (17).jpeg,379,470,39,242,1
2_1img (17).jpeg,1,68,34,238,1
0_2225img.jpeg,15,40,461,512,3
0_2225img.jpeg,118,141,462,514,3
1_038img.jpeg,42,54,545,569,2
1_038img.jpeg,86,100,545,571,2
1_038img.jpeg,132,145,545,572,2
2_1img (11).jpeg,22,106,119,288,1
2_1img (11).jpeg,702,786,129,298,1
2_1img (11).jpeg,361,445,125,294,1
2_1img (89).jpeg,175,199,460,514,1
2_1img (89).jpeg,277,303,462,517,1
2_1img (89).jpeg,379,405,465,520,1
2_1img (168).jpeg,560,575,541,574,1
2_1img (168).jpeg,613,629,544,573,1
2_1img (168).jpeg,668,681,543,575,1
0_122img.jpeg,762,770,582,598,3
0_122img.jpeg,793,799,582,600,3
2_1img (132).jpeg,40,51,547,567,1
2_1img (132).jpeg,83,97,546,569,1
2_1img (132).jpeg,128,140,548,572,1
2_1img (121).jpeg,402,444,366,453,1
2_1img (121).jpeg,581,620,371,459,1
2_1img (121).jpeg,753,794,375,464,1
2_1img (121).jpeg,597,604,587,600,1
2_1img (121).jpeg,628,635,587,600,1
2_1img (121).jpeg,658,667,589,600,1
1_57img.jpeg,47,95,313,424,2
1_57img.jpeg,259,307,319,428,2
0_2581img.jpeg,57,122,195,342,3
0_2581img.jpeg,343,408,203,351,3
0_2581img.jpeg,623,689,214,358,3
1_00170img.jpeg,389,414,466,518,2
1_00170img.jpeg,494,520,466,521,2
1_00170img.jpeg,596,623,468,524,2
2_1img (8).jpeg,37,116,143,304,1
2_1img (8).jpeg,363,442,147,309,1
2_1img (8).jpeg,689,768,153,314,1
1_080img.jpeg,38,66,454,512,2
1_080img.jpeg,144,167,458,513,2
1_0041img.jpeg,74,86,543,569,2
1_0041img.jpeg,120,132,543,570,2
1_0041img.jpeg,168,178,545,570,2
2_1img (50).jpeg,36,54,509,547,1
2_1img (50).jpeg,106,122,511,548,1
1_00171img.jpeg,390,416,463,518,2
1_00171img.jpeg,495,520,465,519,2
1_00171img.jpeg,600,624,467,521,2
2_1img (104).jpeg,171,203,410,482,1
2_1img (104).jpeg,307,343,413,486,1
2_1img (104).jpeg,445,479,418,489,1
0_1321img.jpeg,186,270,94,274,3
0_1321img.jpeg,542,624,104,284,3
2_1img (178).jpeg,74,92,514,550,1
2_1img (178).jpeg,141,159,516,551,1
2_1img (178).jpeg,206,224,515,555,1
2_1img (137).jpeg,37,48,545,571,1
2_1img (137).jpeg,83,93,546,574,1
2_1img (137).jpeg,126,138,547,571,1
1_0033img.jpeg,1,86,33,236,2
1_0033img.jpeg,394,487,34,240,2
1_198img.jpeg,387,396,571,590,2
1_198img.jpeg,417,426,572,592,2
1_198img.jpeg,448,457,573,594,2
1_275img.jpeg,32,42,551,574,2
1_275img.jpeg,75,83,551,575,2
1_275img.jpeg,116,126,554,575,2
2_1img (96).jpeg,645,656,569,586,1
2_1img (96).jpeg,683,693,568,589,1
2_1img (96).jpeg,720,732,568,591,1
1_82img.jpeg,558,572,537,568,2
1_82img.jpeg,615,628,540,568,2
1_82img.jpeg,671,684,542,569,2
0_img (246).jpeg,203,218,517,553,3
0_img (246).jpeg,268,282,521,555,3
0_img (246).jpeg,331,347,523,556,3
1_233img.jpeg,734,742,574,593,2
1_233img.jpeg,697,707,573,592,2
1_233img.jpeg,662,672,573,593,2
1_196img.jpeg,383,392,571,591,2
1_196img.jpeg,414,422,572,592,2
1_196img.jpeg,445,453,574,593,2
1_0259img.jpeg,711,800,52,248,2
1_0259img.jpeg,320,405,38,236,2
2_1img (51).jpeg,25,42,509,544,1
2_1img (51).jpeg,93,111,512,548,1
2_1img (148).jpeg,257,330,177,330,1
2_1img (148).jpeg,555,624,187,341,1
0_1269img.jpeg,484,524,372,461,3
0_1269img.jpeg,655,698,374,462,3
2_1img (1).jpeg,105,168,211,354,1
2_1img (1).jpeg,664,727,221,364,1
2_1img (1).jpeg,383,446,214,357,1
1_273img.jpeg,43,53,551,575,2
1_273img.jpeg,84,93,553,573,2
1_273img.jpeg,124,135,556,576,2
2_1img (3).jpeg,78,152,192,340,1
2_1img (3).jpeg,661,735,201,349,1
2_1img (3).jpeg,368,442,196,344,1
2_1img (19).jpeg,393,498,1,211,1
2_1img (19).jpeg,1,65,1,206,1
0_2293img.jpeg,1,55,197,341,3
0_2293img.jpeg,274,340,206,348,3
0_2293img.jpeg,553,618,216,359,3
1_8img.jpeg,193,224,422,489,2
1_8img.jpeg,323,353,424,492,2
1_8img.jpeg,453,486,427,495,2
2_1img (120).jpeg,409,449,371,458,1
2_1img (120).jpeg,582,621,374,461,1
2_1img (120).jpeg,753,793,379,467,1
2_1img (120).jpeg,603,610,588,600,1
2_1img (120).jpeg,633,642,588,600,1
2_1img (120).jpeg,662,672,587,600,1
0_2413img.jpeg,278,291,541,571,2
0_2413img.jpeg,328,340,544,571,2
0_2413img.jpeg,378,391,543,572,2
2_1img (133).jpeg,37,47,546,570,1
2_1img (133).jpeg,82,93,546,570,1
2_1img (133).jpeg,125,138,546,572,1
0_2161img.jpeg,122,137,514,550,3
0_2161img.jpeg,188,205,516,551,3
0_2161img.jpeg,251,269,518,556,3
2_1img (23).jpeg,683,690,588,600,1
2_1img (23).jpeg,708,714,588,600,1
2_1img (23).jpeg,734,740,590,600,1
1_257img.jpeg,297,380,77,259,2
1_257img.jpeg,665,750,88,271,2
2_1img (45).jpeg,665,672,582,597,1
2_1img (45).jpeg,692,700,582,598,1
2_1img (45).jpeg,721,729,583,599,1
2_1img (35).jpeg,574,581,585,599,1
2_1img (35).jpeg,600,608,585,599,1
2_1img (35).jpeg,625,632,585,599,1
1_00177img.jpeg,244,273,450,509,2
1_00177img.jpeg,356,382,455,513,2
1_00177img.jpeg,463,491,458,516,2
1_00177img.jpeg,424,431,578,593,2
1_00177img.jpeg,452,458,580,593,2
1_00177img.jpeg,480,487,577,595,2
0_74img.jpeg,168,227,233,365,3
0_74img.jpeg,435,496,238,371,3
1_36img.jpeg,209,224,508,547,2
1_36img.jpeg,280,295,511,548,2
1_36img.jpeg,351,368,513,548,2
2_1img (42).jpeg,593,601,580,595,3
2_1img (42).jpeg,649,656,581,595,3
2_1img (42).jpeg,621,629,581,595,3
0_1995img.jpeg,124,134,564,585,3
0_1995img.jpeg,157,166,563,584,3
0_1770img.jpeg,713,727,542,574,3
0_1770img.jpeg,768,782,543,574,3
1_80img.jpeg,576,591,540,569,2
1_80img.jpeg,632,648,538,571,2
1_80img.jpeg,687,703,544,573,2
2_1img (84).jpeg,367,393,471,522,1
2_1img (84).jpeg,466,491,473,524,1
2_1img (84).jpeg,563,587,476,525,1
2_1img (94).jpeg,640,650,567,588,1
2_1img (94).jpeg,677,687,568,589,1
2_1img (94).jpeg,713,723,570,590,1
2_1img (130).jpeg,50,63,547,570,1
2_1img (130).jpeg,94,105,548,571,1
2_1img (130).jpeg,138,150,548,574,1
2_1img (25).jpeg,665,671,588,600,1
2_1img (25).jpeg,690,696,588,600,1
2_1img (25).jpeg,715,721,588,600,1
1_152img.jpeg,124,131,563,577,2
1_152img.jpeg,150,158,563,578,2
1_152img.jpeg,176,184,562,577,2
0_29img.jpeg,1,21,390,467,3
0_29img.jpeg,134,172,390,472,3
0_29img.jpeg,286,324,396,474,3
0_29img.jpeg,417,423,589,600,3
0_29img.jpeg,437,444,590,600,3
0_29img.jpeg,459,464,590,599,3
0_836img.jpeg,387,400,551,574,3
0_836img.jpeg,430,441,553,575,3
0_836img.jpeg,471,482,552,578,3
0_280img.jpeg,32,45,549,574,3
0_280img.jpeg,74,87,550,574,3
0_280img.jpeg,117,129,551,575,3
1_0125img.jpeg,329,371,356,450,2
1_0125img.jpeg,511,553,360,451,2
1_0125img.jpeg,691,732,364,456,2
2_1img (144).jpeg,222,286,218,358,1
2_1img (144).jpeg,497,560,228,367,1
2_1img (173).jpeg,571,587,541,571,1
2_1img (173).jpeg,625,641,542,573,1
2_1img (173).jpeg,681,696,543,574,1
1_62img.jpeg,73,126,298,411,2
1_62img.jpeg,297,349,303,417,2
0_1111img.jpeg,389,402,540,569,3
0_1111img.jpeg,442,453,541,570,3
0_1111img.jpeg,494,508,542,571,3
0_1326img.jpeg,126,222,29,239,3
0_1326img.jpeg,533,629,42,252,3
1_00211img.jpeg,7,48,358,448,2
1_00211img.jpeg,181,223,364,451,2
1_00211img.jpeg,355,395,369,456,2
0_14img.jpeg,179,208,419,485,3
0_14img.jpeg,312,341,421,488,3
0_14img.jpeg,446,473,424,492,3
0_14img.jpeg,571,576,592,598,3
0_14img.jpeg,592,598,591,600,3
1_00125img.jpeg,66,84,505,543,2
1_00125img.jpeg,1,11,502,538,2
0_495img.jpeg,74,131,259,384,3
0_495img.jpeg,322,377,268,392,3
0_495img.jpeg,563,617,276,397,3
0_2387img.jpeg,137,149,550,574,3
0_2387img.jpeg,182,193,550,576,3
0_2387img.jpeg,226,238,551,575,3
0_img (213).jpeg,362,392,427,493,3
0_img (213).jpeg,491,520,429,497,3
0_img (213).jpeg,618,646,434,500,3
0_img (213).jpeg,552,558,580,597,3
0_img (213).jpeg,579,587,579,597,3
0_img (213).jpeg,609,616,580,595,3
2_1img (171).jpeg,569,583,542,573,1
2_1img (171).jpeg,622,638,542,574,1
2_1img (171).jpeg,678,693,544,573,1
1_165img.jpeg,1,85,46,241,2
1_165img.jpeg,381,468,59,253,2
1_165img.jpeg,758,799,73,265,2
1_155img.jpeg,215,222,567,585,2
1_155img.jpeg,247,256,568,586,2
1_155img.jpeg,280,289,568,586,2
2_1img (47).jpeg,704,711,583,597,1
2_1img (47).jpeg,731,738,583,597,1
2_1img (47).jpeg,760,768,584,598,1
0_557img.jpeg,80,89,554,573,3
0_557img.jpeg,119,130,553,576,3
0_557img.jpeg,157,169,555,578,3
0_557img.jpeg,85,90,585,595,3
0_557img.jpeg,64,70,584,593,3
2_1img (111).jpeg,83,119,391,467,1
2_1img (111).jpeg,234,269,396,470,1
2_1img (111).jpeg,384,420,400,476,1
1_195img.jpeg,383,392,572,591,2
1_195img.jpeg,414,421,573,592,2
1_195img.jpeg,445,453,573,592,2
0_img (157).jpeg,56,79,492,532,3
0_img (157).jpeg,140,158,492,535,3
0_img (157).jpeg,219,238,496,538,3
2_1img (67).jpeg,197,206,567,584,1
2_1img (67).jpeg,230,238,568,585,1
2_1img (67).jpeg,263,272,568,586,1
0_1651img.jpeg,196,205,566,584,3
0_1651img.jpeg,229,238,566,584,3
0_750img.jpeg,358,369,546,569,3
0_750img.jpeg,399,410,550,568,3
0_750img.jpeg,439,448,550,571,3
0_1198img.jpeg,332,358,486,533,3
0_1198img.jpeg,425,446,484,534,3
0_1198img.jpeg,513,537,488,534,3
2_1img (105).jpeg,171,203,410,483,1
2_1img (105).jpeg,308,342,414,486,1
2_1img (105).jpeg,446,479,420,486,1
1_194img.jpeg,380,388,572,590,2
1_194img.jpeg,411,420,572,592,2
1_194img.jpeg,441,449,574,592,2
0_img (140).jpeg,378,391,529,561,3
0_img (140).jpeg,437,451,530,563,3
0_img (140).jpeg,496,512,530,565,3
2_1img (26).jpeg,656,662,588,600,1
2_1img (26).jpeg,681,687,589,600,1
2_1img (26).jpeg,706,712,588,600,1
1_32img.jpeg,1,92,43,234,2
1_32img.jpeg,389,484,45,244,2
0_2374img.jpeg,137,149,552,575,2
0_2374img.jpeg,95,108,551,575,2
0_2374img.jpeg,52,66,551,576,2
0_954img.jpeg,135,195,223,359,3
0_954img.jpeg,403,463,234,364,3
0_954img.jpeg,666,724,240,374,3
0_001img (6).jpeg,121,176,251,376,3
0_001img (6).jpeg,375,426,256,380,3
0_001img (6).jpeg,626,682,258,385,3
2_1img (107).jpeg,138,173,403,476,1
2_1img (107).jpeg,282,314,407,482,1
2_1img (107).jpeg,423,455,412,482,1
0_2298img.jpeg,217,289,144,308,3
0_2298img.jpeg,537,610,156,321,3
0_586img.jpeg,28,39,543,570,3
0_586img.jpeg,73,85,544,570,3
0_586img.jpeg,7,13,580,593,3
0_1261img.jpeg,525,560,393,473,3
0_1261img.jpeg,682,721,392,473,3
1_126img.jpeg,1,13,501,540,2
1_126img.jpeg,68,87,505,541,2
2_1img (38).jpeg,593,605,542,570,1
2_1img (38).jpeg,646,659,544,572,1
2_1img (38).jpeg,703,715,542,571,1
2_1img (145).jpeg,227,294,211,354,1
2_1img (145).jpeg,507,574,220,363,1
2_1img (136).jpeg,35,48,544,570,1
2_1img (136).jpeg,81,93,544,571,1
2_1img (136).jpeg,124,138,544,574,1
2_1img (69).jpeg,195,204,567,585,1
2_1img (69).jpeg,227,238,567,586,1
2_1img (69).jpeg,261,271,568,586,1
2_1img (152).jpeg,279,358,132,300,1
2_1img (152).jpeg,611,686,144,310,1
2_1img (98).jpeg,643,656,568,589,1
2_1img (98).jpeg,682,693,569,590,1
2_1img (98).jpeg,720,732,569,590,1
0_908img.jpeg,60,95,418,487,3
0_908img.jpeg,195,224,421,489,3
0_908img.jpeg,326,354,423,494,3
1_211img.jpeg,7,49,359,448,2
1_211img.jpeg,181,223,363,453,2
1_211img.jpeg,355,393,370,458,2
1_218img.jpeg,369,418,332,427,2
1_218img.jpeg,565,610,336,434,2
1_218img.jpeg,757,800,342,437,2
1_218img.jpeg,565,574,576,594,2
1_218img.jpeg,598,607,577,594,2
1_218img.jpeg,628,637,576,596,2
1_00213img.jpeg,1,42,355,443,2
1_00213img.jpeg,178,221,361,450,2
1_00213img.jpeg,354,392,368,455,2
2_1img (114).jpeg,44,81,382,461,1
2_1img (114).jpeg,203,240,387,467,1
2_1img (114).jpeg,360,394,394,470,1
1_39img.jpeg,52,65,545,569,2
1_39img.jpeg,99,112,545,572,2
1_39img.jpeg,144,157,543,571,2
0_2378img.jpeg,149,159,551,572,3
0_2378img.jpeg,107,118,551,572,3
0_2378img.jpeg,64,74,550,573,3
0_img (110).jpeg,189,250,257,385,3
0_img (110).jpeg,437,495,266,393,3
1_276img.jpeg,32,42,551,572,2
1_276img.jpeg,73,84,551,572,2
1_276img.jpeg,113,124,553,576,2
0_2122img.jpeg,9,23,527,559,3
2_1img (18).jpeg,384,482,16,227,1
2_1img (18).jpeg,1,66,14,219,1
0_413img.jpeg,397,417,486,532,3
0_413img.jpeg,486,507,489,535,3
0_413img.jpeg,575,596,490,535,3
1_0079img.jpeg,57,82,456,511,2
1_0079img.jpeg,163,187,460,514,2
0_690img.jpeg,326,374,324,429,3
0_690img.jpeg,531,582,332,437,3
0_690img.jpeg,735,779,336,441,3
0_690img.jpeg,523,530,587,600,3
0_690img.jpeg,555,561,590,600,3
0_690img.jpeg,586,591,590,600,3
1_00169img.jpeg,386,413,467,518,2
1_00169img.jpeg,489,516,469,522,2
1_00169img.jpeg,594,617,471,524,2
0_2286img.jpeg,84,140,251,383,3
0_2286img.jpeg,333,390,263,386,3
0_2286img.jpeg,579,638,268,394,3
0_1152img.jpeg,403,420,522,557,3
0_1152img.jpeg,470,486,522,558,3
0_1152img.jpeg,537,549,521,556,3
1_171img.jpeg,391,416,462,516,2
1_171img.jpeg,496,521,465,520,2
1_171img.jpeg,600,623,469,521,2
2_1img (108).jpeg,129,163,402,475,1
2_1img (108).jpeg,272,306,405,480,1
2_1img (108).jpeg,416,449,410,483,1
2_1img (59).jpeg,279,286,570,586,1
2_1img (59).jpeg,310,319,570,587,1
2_1img (59).jpeg,342,349,571,588,1
0_372img.jpeg,19,34,512,546,3
0_372img.jpeg,86,102,513,551,3
1_60img.jpeg,66,120,302,415,2
1_60img.jpeg,288,338,308,421,2
0_1774img.jpeg,770,785,542,574,3
1_0032img.jpeg,1,93,43,237,2
1_0032img.jpeg,391,481,45,242,2
1_169img.jpeg,389,413,466,520,2
1_169img.jpeg,491,516,470,522,2
1_169img.jpeg,592,617,471,523,2
0_1271img.jpeg,463,502,366,457,3
0_1271img.jpeg,639,681,369,456,3
0_2155img.jpeg,94,110,516,553,3
0_2155img.jpeg,160,174,519,553,3
0_2155img.jpeg,223,237,521,555,3
0_1317img.jpeg,237,312,134,301,3
0_1317img.jpeg,571,645,139,308,3
2_1img (169).jpeg,561,574,543,573,1
2_1img (169).jpeg,613,629,543,574,1
2_1img (169).jpeg,667,683,545,575,1
1_0276img.jpeg,49,70,500,540,2
1_0276img.jpeg,126,145,504,541,2
1_0276img.jpeg,200,218,503,545,2
1_0276img.jpeg,139,147,577,592,2
1_0276img.jpeg,163,172,578,590,2
1_0276img.jpeg,188,197,577,591,2
2_1img (9).jpeg,30,107,131,298,1
2_1img (9).jpeg,694,771,140,307,1
2_1img (9).jpeg,362,439,136,303,1
0_0297img.jpeg,178,198,482,527,3
0_0297img.jpeg,87,109,479,525,3
0_0297img.jpeg,1,18,476,521,3
0_0297img.jpeg,137,144,575,590,3
0_0297img.jpeg,163,171,575,592,3
0_0297img.jpeg,191,197,576,590,3
1_170img.jpeg,389,416,466,517,2
1_170img.jpeg,494,520,468,521,2
1_170img.jpeg,598,623,469,522,2
0_2390img.jpeg,171,181,549,574,3
0_2390img.jpeg,215,224,551,575,3
0_2390img.jpeg,258,269,551,576,3
1_0034img.jpeg,183,200,511,546,2
1_0034img.jpeg,255,270,513,549,2
1_0034img.jpeg,324,341,514,551,2
1_00237img.jpeg,68,79,544,569,2
1_00237img.jpeg,115,125,543,570,2
1_00237img.jpeg,160,171,547,572,2
0_376img.jpeg,35,52,509,547,3
0_376img.jpeg,103,120,513,548,3
2_1img (57).jpeg,68,85,506,542,1
2_1img (57).jpeg,1,13,504,541,1
1_00168img.jpeg,386,407,468,520,2
1_00168img.jpeg,487,510,470,521,2
1_00168img.jpeg,587,615,472,522,2
2_1img (163).jpeg,514,527,544,570,1
2_1img (163).jpeg,565,579,544,573,1
2_1img (163).jpeg,619,632,545,574,1
1_176img.jpeg,234,260,454,508,2
1_176img.jpeg,342,370,456,512,2
1_176img.jpeg,450,478,459,516,2
1_176img.jpeg,466,474,580,595,2
1_176img.jpeg,441,446,579,594,2
1_176img.jpeg,414,419,579,593,2
1_106img.jpeg,484,596,1,162,2
2_1img (183).jpeg,7,23,512,545,1
2_1img (183).jpeg,75,91,513,549,1
2_1img (183).jpeg,142,158,513,550,1
2_1img (127).jpeg,81,93,550,571,1
2_1img (127).jpeg,123,134,552,572,1
2_1img (127).jpeg,165,178,552,573,1
0_0img.jpeg,128,184,258,382,3
0_0img.jpeg,374,431,262,387,3
0_0img.jpeg,623,679,266,390,3
0_001img (1).jpeg,128,182,259,383,3
0_001img (1).jpeg,376,428,263,385,3
0_001img (1).jpeg,624,676,266,389,3
0_947img.jpeg,170,220,273,393,3
0_947img.jpeg,405,456,281,398,3
0_947img.jpeg,637,687,288,404,3
2_1img (101).jpeg,628,638,564,587,1
2_1img (101).jpeg,665,678,565,590,1
2_1img (101).jpeg,703,715,565,591,1
2_1img (117).jpeg,21,58,373,457,1
2_1img (117).jpeg,187,223,379,460,1
2_1img (117).jpeg,348,387,384,466,1
2_1img (83).jpeg,360,386,472,522,1
2_1img (83).jpeg,458,484,474,527,1
2_1img (83).jpeg,556,582,476,527,1
0_1856img.jpeg,287,310,463,515,3
0_1856img.jpeg,389,413,464,517,3
0_1856img.jpeg,494,519,465,520,3
1_00178img.jpeg,247,273,451,509,2
1_00178img.jpeg,356,381,455,512,2
1_00178img.jpeg,465,490,458,513,2
1_00178img.jpeg,424,432,579,593,2
1_00178img.jpeg,452,459,579,595,2
1_00178img.jpeg,479,487,579,595,2
1_0257img.jpeg,298,381,77,258,2
1_0257img.jpeg,666,752,89,270,2
0_2063img.jpeg,123,135,550,575,3
0_2063img.jpeg,165,176,553,575,3
0_2063img.jpeg,209,219,553,577,3
1_108img.jpeg,486,604,1,138,2
1_107img.jpeg,487,599,1,152,2
1_278img.jpeg,30,51,497,538,2
1_278img.jpeg,108,126,497,539,2
1_278img.jpeg,184,200,502,541,2
1_278img.jpeg,124,130,575,592,2
1_278img.jpeg,148,155,576,592,2
1_278img.jpeg,173,181,577,593,2
0_1311img.jpeg,20,84,190,337,3
0_1311img.jpeg,310,377,192,343,3
0_1311img.jpeg,608,671,200,348,3
2_1img (155).jpeg,286,374,92,273,1
2_1img (155).jpeg,646,731,103,282,1
2_1img (66).jpeg,202,211,568,585,1
2_1img (66).jpeg,234,243,568,585,1
2_1img (66).jpeg,266,276,568,586,1
1_79img.jpeg,57,84,456,511,2
1_79img.jpeg,163,187,460,515,2
1_259img.jpeg,317,405,39,232,2
1_259img.jpeg,708,800,50,248,2
2_1img (135).jpeg,34,46,545,569,1
2_1img (135).jpeg,81,92,546,571,1
2_1img (135).jpeg,125,135,547,573,1
2_1img (166).jpeg,545,561,542,573,1
2_1img (166).jpeg,599,613,544,572,1
2_1img (166).jpeg,652,664,544,574,1
1_00121img.jpeg,279,317,372,458,2
1_00121img.jpeg,449,488,376,461,2
1_00121img.jpeg,619,657,378,464,2
2_1img (49).jpeg,45,62,511,546,1
2_1img (49).jpeg,115,131,513,548,1
0_img (211).jpeg,347,378,430,497,3
0_img (211).jpeg,473,502,434,500,3
0_img (211).jpeg,595,624,437,504,3
0_img (211).jpeg,536,542,579,596,3
0_img (211).jpeg,563,571,579,596,3
0_img (211).jpeg,592,600,579,597,3
2_1img (159).jpeg,7,33,452,506,1
2_1img (159).jpeg,115,141,456,510,1
2_1img (159).jpeg,220,245,459,513,1
2_1img (115).jpeg,34,72,381,462,1
2_1img (115).jpeg,196,232,386,466,1
2_1img (115).jpeg,353,389,392,467,1
1_234img.jpeg,660,669,571,591,2
1_234img.jpeg,695,705,572,593,2
1_234img.jpeg,730,739,571,593,2
1_3264img.jpeg,287,326,371,456,1
1_3264img.jpeg,631,670,376,461,1
1_3264img.jpeg,459,498,374,459,1
0_2259img.jpeg,190,227,392,469,3
0_2259img.jpeg,345,378,395,476,3
0_2259img.jpeg,496,532,401,479,3
1_77img.jpeg,1,26,458,511,2
1_77img.jpeg,102,129,461,515,2
1_77img.jpeg,205,232,464,516,2
1_0035img.jpeg,196,214,508,547,2
1_0035img.jpeg,268,285,510,548,2
1_0035img.jpeg,337,354,511,551,2
0_img (47).jpeg,76,95,490,534,3
0_img (47).jpeg,157,178,493,535,3
0_img (47).jpeg,241,260,496,539,3
0_1073img.jpeg,562,576,555,580,3
0_1073img.jpeg,610,621,555,582,3
0_1073img.jpeg,654,667,555,580,3
2_1img (40).jpeg,588,601,540,570,1
2_1img (40).jpeg,643,657,542,571,1
2_1img (40).jpeg,699,713,542,574,1
0_981img.jpeg,210,219,561,584,3
0_981img.jpeg,243,255,563,583,3
0_981img.jpeg,278,288,564,583,3
2_1img (139).jpeg,194,258,244,379,1
2_1img (139).jpeg,452,511,255,384,1
2_1img (161).jpeg,484,498,544,572,1
2_1img (161).jpeg,535,546,545,572,1
2_1img (161).jpeg,586,601,546,575,1
0_33img.jpeg,73,112,380,461,3
0_33img.jpeg,235,271,384,464,3
0_33img.jpeg,371,376,591,600,3
0_33img.jpeg,391,399,591,599,3
0_33img.jpeg,411,418,590,600,3
2_1img (65).jpeg,207,215,567,584,1
2_1img (65).jpeg,239,248,569,587,1
2_1img (65).jpeg,271,280,568,587,1
2_1img (10).jpeg,23,103,119,290,1
2_1img (10).jpeg,703,783,128,299,1
2_1img (10).jpeg,362,442,123,294,1
2_1img (39).jpeg,591,603,541,569,1
2_1img (39).jpeg,647,658,543,569,1
2_1img (39).jpeg,703,714,542,572,1
0_1594img.jpeg,156,164,570,587,3
0_1594img.jpeg,185,193,571,586,3
0_1811img.jpeg,713,728,520,558,3
0_1811img.jpeg,783,800,521,558,3
0_745img.jpeg,394,436,353,450,3
0_745img.jpeg,580,620,358,455,3
0_745img.jpeg,759,800,367,457,3
0_745img.jpeg,584,591,584,600,3
0_745img.jpeg,615,623,586,600,3
0_745img.jpeg,645,654,586,600,3
0_041img.jpeg,259,278,507,545,3
0_041img.jpeg,333,353,508,548,3
0_041img.jpeg,409,425,510,548,3
2_1img (149).jpeg,267,342,166,323,1
2_1img (149).jpeg,574,645,177,332,1
2_1img (7).jpeg,45,124,153,313,1
2_1img (7).jpeg,680,759,164,324,1
2_1img (7).jpeg,364,443,159,319,1
1_61img.jpeg,67,118,301,415,2
1_61img.jpeg,287,339,308,419,2
1_177img.jpeg,245,273,451,509,2
1_177img.jpeg,356,382,454,511,2
1_177img.jpeg,465,491,458,514,2
1_177img.jpeg,424,431,579,592,2
1_177img.jpeg,452,460,577,595,2
1_177img.jpeg,479,487,580,595,2
2_1img (54).jpeg,4,23,507,544,1
2_1img (54).jpeg,75,93,507,545,1
0_2546img.jpeg,152,189,381,461,3
0_2546img.jpeg,469,506,389,469,3
0_2546img.jpeg,313,350,384,464,3
0_2532img.jpeg,162,191,423,487,3
0_2532img.jpeg,294,324,424,491,3
0_2532img.jpeg,423,451,428,493,3
0_556img.jpeg,70,80,552,575,3
0_556img.jpeg,108,118,554,577,3
0_556img.jpeg,148,157,556,577,3
0_556img.jpeg,72,78,585,594,3
0_556img.jpeg,52,58,585,595,3
2_1img (151).jpeg,273,349,148,310,1
2_1img (151).jpeg,594,669,156,318,1
2_1img (123).jpeg,394,437,361,451,1
2_1img (123).jpeg,574,616,366,457,1
2_1img (123).jpeg,751,793,371,462,1
2_1img (123).jpeg,589,598,585,600,1
2_1img (123).jpeg,619,627,587,600,1
2_1img (123).jpeg,651,657,588,600,1
2_1img (58).jpeg,294,303,570,589,1
2_1img (58).jpeg,326,334,571,589,1
2_1img (58).jpeg,357,366,571,590,1
1_12img.jpeg,188,218,421,488,2
1_12img.jpeg,319,351,421,490,2
1_12img.jpeg,452,482,427,492,2
1_127img.jpeg,1,15,501,541,2
1_127img.jpeg,73,88,504,540,2
1_00124img.jpeg,1,11,504,544,2
1_00124img.jpeg,65,82,505,544,2
2_1img (61).jpeg,245,255,568,585,1
2_1img (61).jpeg,278,286,569,586,1
2_1img (61).jpeg,310,318,569,587,1
0_1221img.jpeg,363,389,460,516,3
0_1221img.jpeg,470,495,460,514,3
0_1221img.jpeg,574,602,463,521,3
1_0198img.jpeg,553,562,565,586,2
1_0198img.jpeg,591,602,565,589,2
1_0198img.jpeg,630,641,567,589,2
2_1img (100).jpeg,635,647,564,591,1
2_1img (100).jpeg,673,688,566,591,1
2_1img (100).jpeg,712,725,565,593,1
1_00236img.jpeg,59,70,544,569,2
1_00236img.jpeg,105,115,546,570,2
1_00236img.jpeg,150,162,547,571,2
2_1img (93).jpeg,223,249,454,510,1
2_1img (93).jpeg,333,357,457,514,1
2_1img (93).jpeg,438,463,460,517,1
2_1img (93).jpeg,454,462,579,595,1
2_1img (93).jpeg,426,435,579,595,1
2_1img (93).jpeg,399,408,578,594,1
2_1img (88).jpeg,164,189,463,514,1
2_1img (88).jpeg,265,290,464,517,1
2_1img (88).jpeg,366,390,468,522,1
2_1img (158).jpeg,10,35,454,508,1
2_1img (158).jpeg,116,143,457,511,1
2_1img (158).jpeg,221,246,461,514,1
0_038img.jpeg,228,247,508,546,3
0_038img.jpeg,301,320,508,548,3
0_038img.jpeg,375,390,514,549,3
1_197img.jpeg,386,394,571,590,2
1_197img.jpeg,417,425,572,592,2
1_197img.jpeg,447,457,574,592,2
1_214img.jpeg,1,39,352,444,2
1_214img.jpeg,174,220,357,449,2
1_214img.jpeg,353,394,363,451,2
1_274img.jpeg,36,48,551,573,2
1_274img.jpeg,78,87,553,575,2
1_274img.jpeg,119,129,551,577,2
0_3244img.jpeg,470,503,424,491,3
0_3244img.jpeg,604,637,426,493,3
0_3244img.jpeg,739,774,427,495,3
2_1img (63).jpeg,224,232,568,585,1
2_1img (63).jpeg,255,264,569,586,1
2_1img (63).jpeg,287,296,569,587,1
2_1img (80).jpeg,343,367,474,524,1
2_1img (80).jpeg,439,463,477,528,1
2_1img (80).jpeg,535,559,479,530,1
2_1img (91).jpeg,200,224,456,514,1
2_1img (91).jpeg,305,329,459,514,1
2_1img (91).jpeg,410,434,465,518,1
2_1img (91).jpeg,373,380,579,592,1
2_1img (91).jpeg,400,408,576,594,1
2_1img (91).jpeg,426,434,580,594,1
2_1img (44).jpeg,643,650,582,597,1
2_1img (44).jpeg,670,678,582,597,1
2_1img (44).jpeg,698,706,583,598,1
0_img (70).jpeg,216,247,418,488,3
0_img (70).jpeg,349,379,424,489,3
0_img (70).jpeg,480,512,425,495,3
1_153img.jpeg,110,117,561,576,2
1_153img.jpeg,137,144,561,577,2
1_153img.jpeg,161,170,561,578,2
1_35img.jpeg,195,215,508,546,2
1_35img.jpeg,267,284,511,549,2
1_35img.jpeg,339,354,514,549,2
1_00037img.jpeg,220,237,509,546,2
1_00037img.jpeg,292,310,510,550,2
1_00037img.jpeg,363,380,512,551,2
1_0082img.jpeg,558,571,539,567,2
1_0082img.jpeg,614,629,540,569,2
1_0082img.jpeg,670,684,542,571,2
2_1img (6).jpeg,55,129,164,319,1
2_1img (6).jpeg,366,440,170,325,1
2_1img (6).jpeg,677,751,175,330,1
2_1img (162).jpeg,502,513,544,570,1
2_1img (162).jpeg,554,566,546,574,1
2_1img (162).jpeg,603,616,545,573,1
2_1img (86).jpeg,140,165,464,517,1
2_1img (86).jpeg,240,265,465,519,1
2_1img (86).jpeg,339,362,470,522,1
1_124img.jpeg,66,82,506,543,2
1_124img.jpeg,1,11,505,541,2
1_0158img.jpeg,245,253,566,586,2
1_0158img.jpeg,277,287,568,587,2
1_0158img.jpeg,312,320,568,584,2
1_34img.jpeg,184,201,509,547,2
1_34img.jpeg,255,271,512,548,2
1_34img.jpeg,324,340,513,551,2
0_img (94).jpeg,138,149,551,574,3
0_img (94).jpeg,181,191,553,576,3
0_img (94).jpeg,224,234,553,576,3
2_1img (15).jpeg,1,85,62,250,1
2_1img (15).jpeg,373,461,65,254,1
2_1img (15).jpeg,757,800,70,260,1
1_235img.jpeg,656,664,571,590,2
1_235img.jpeg,691,700,571,592,2
1_235img.jpeg,726,734,572,592,2
0_502img.jpeg,74,136,213,355,3
0_502img.jpeg,352,413,223,360,3
0_502img.jpeg,626,687,231,369,3
1_0128img.jpeg,1,19,500,540,2
1_0128img.jpeg,76,94,503,542,2
1_149img.jpeg,178,184,577,592,2
1_149img.jpeg,202,210,578,593,2
1_149img.jpeg,228,236,576,595,2
1_236img.jpeg,655,665,572,591,2
1_236img.jpeg,691,700,571,592,2
1_236img.jpeg,725,736,573,593,2
2_1img (20).jpeg,23,37,544,568,1
2_1img (20).jpeg,70,82,546,569,1
2_1img (20).jpeg,116,128,547,571,1
0_21img.jpeg,99,133,407,477,3
0_21img.jpeg,242,273,409,480,3
0_21img.jpeg,381,411,414,484,3
0_21img.jpeg,507,512,592,600,3
0_21img.jpeg,527,533,593,600,3
0_21img.jpeg,547,554,591,600,3
1_00195img.jpeg,582,592,565,589,2
1_00195img.jpeg,620,630,567,588,2
1_00195img.jpeg,658,670,566,590,2
1_41img.jpeg,75,87,545,569,2
1_41img.jpeg,121,133,545,570,2
1_41img.jpeg,166,180,545,571,2
1_168img.jpeg,384,409,466,520,2
1_168img.jpeg,486,512,470,523,2
1_168img.jpeg,588,613,471,524,2
0_1940img.jpeg,362,447,6,218,3
0_1940img.jpeg,1,29,5,217,3
2_1img (156).jpeg,16,41,460,512,1
2_1img (156).jpeg,121,144,462,514,1
2_1img (156).jpeg,223,245,465,516,1
2_1img (140).jpeg,203,267,237,374,1
2_1img (140).jpeg,464,524,248,381,1
1_40img.jpeg,61,72,545,571,2
1_40img.jpeg,106,118,547,571,2
1_40img.jpeg,153,164,547,571,2
2_1img (109).jpeg,112,146,397,472,1
2_1img (109).jpeg,259,293,403,477,1
2_1img (109).jpeg,403,438,406,478,1
0_013img.jpeg,118,177,225,361,3
0_013img.jpeg,389,447,228,366,3
0_013img.jpeg,658,721,232,371,3
1_0037img.jpeg,405,515,1,170,2
1_0037img.jpeg,1,44,1,165,2
1_00214img.jpeg,1,37,351,442,2
1_00214img.jpeg,174,220,358,447,2
1_00214img.jpeg,352,395,362,451,2
1_216img.jpeg,381,424,346,446,2
1_216img.jpeg,571,613,354,448,2
1_216img.jpeg,757,799,358,454,2
1_216img.jpeg,576,585,585,600,2
1_216img.jpeg,607,615,585,600,2
1_216img.jpeg,638,647,587,600,2
0_2208img.jpeg,112,135,479,527,3
0_2208img.jpeg,20,44,477,524,3
2_1img (87).jpeg,151,176,462,516,1
2_1img (87).jpeg,252,278,464,518,1
2_1img (87).jpeg,351,377,468,522,1
1_00216img.jpeg,381,424,347,443,2
1_00216img.jpeg,571,613,353,448,2
1_00216img.jpeg,755,799,359,453,2
1_00216img.jpeg,576,584,585,600,2
1_00216img.jpeg,607,615,587,600,2
1_00216img.jpeg,638,645,587,600,2
0_548img.jpeg,16,31,535,563,3
0_548img.jpeg,67,80,536,562,3
0_548img.jpeg,17,28,577,594,3
0_548img.jpeg,1,4,580,588,3
1_00179img.jpeg,256,283,448,509,2
1_00179img.jpeg,368,394,452,511,2
1_00179img.jpeg,478,503,456,513,2
1_00179img.jpeg,437,444,579,593,2
1_00179img.jpeg,465,471,578,595,2
1_00179img.jpeg,492,499,579,595,2
0_img (154).jpeg,9,31,493,535,3
0_img (154).jpeg,87,110,496,537,3
0_img (154).jpeg,169,190,498,539,3
0_2508img.jpeg,341,367,474,522,3
0_2508img.jpeg,245,269,470,521,3
0_2508img.jpeg,148,169,469,518,3
2_1img (110).jpeg,96,128,394,470,1
2_1img (110).jpeg,245,279,398,473,1
2_1img (110).jpeg,393,426,404,477,1
2_1img (14).jpeg,3,93,80,263,1
2_1img (14).jpeg,742,800,86,273,1
2_1img (14).jpeg,370,460,82,265,1
1_00196img.jpeg,566,576,564,586,2
1_00196img.jpeg,605,615,566,585,2
1_00196img.jpeg,642,653,566,587,2
1_277img.jpeg,29,42,550,573,2
1_277img.jpeg,71,82,551,574,2
1_277img.jpeg,112,124,551,576,2
0_1658img.jpeg,201,212,564,585,3
0_1658img.jpeg,233,243,566,583,3
0_3236img.jpeg,531,561,441,504,3
0_3236img.jpeg,656,684,442,506,3
0_3236img.jpeg,781,800,442,504,3
0_282img.jpeg,43,55,549,572,3
0_282img.jpeg,86,97,551,572,3
0_282img.jpeg,128,140,548,576,3
2_1img (97).jpeg,646,656,568,590,1
2_1img (97).jpeg,684,696,569,591,1
2_1img (97).jpeg,722,734,569,593,1
2_1img (99).jpeg,640,651,566,589,1
2_1img (99).jpeg,678,690,566,588,1
2_1img (99).jpeg,715,728,565,591,1
2_1img (181).jpeg,36,54,511,548,1
2_1img (181).jpeg,104,121,516,550,1
2_1img (181).jpeg,171,188,518,553,1
0_1274img.jpeg,421,460,359,447,3
0_1274img.jpeg,601,647,356,450,3
1_0081img.jpeg,568,582,538,570,2
1_0081img.jpeg,622,635,538,571,2
1_0081img.jpeg,680,691,535,568,2
2_1img (29).jpeg,629,635,587,599,1
2_1img (29).jpeg,654,661,588,600,1
2_1img (29).jpeg,680,686,588,600,1
1_76img.jpeg,26,50,459,512,2
1_76img.jpeg,128,153,464,516,2
1_76img.jpeg,231,255,466,518,2
1_00212img.jpeg,1,44,355,446,2
1_00212img.jpeg,177,221,361,449,2
1_00212img.jpeg,353,395,368,454,2
0_img (227).jpeg,200,255,263,387,3
0_img (227).jpeg,442,500,274,400,3
0_img (227).jpeg,679,734,284,406,3
0_img (227).jpeg,420,428,584,600,3
0_img (227).jpeg,452,461,582,600,3
0_img (227).jpeg,484,493,583,600,3
2_1img (64).jpeg,215,223,568,585,1
2_1img (64).jpeg,247,256,568,585,1
2_1img (64).jpeg,279,288,569,586,1
2_1img (141).jpeg,210,272,232,369,1
2_1img (141).jpeg,474,535,243,374,1
2_1img (112).jpeg,71,107,387,466,1
2_1img (112).jpeg,225,260,393,469,1
2_1img (112).jpeg,376,412,398,477,1
2_1img (31).jpeg,611,617,587,600,1
2_1img (31).jpeg,636,642,587,600,1
2_1img (31).jpeg,662,667,587,600,1
2_1img (116).jpeg,26,66,377,459,1
2_1img (116).jpeg,190,228,383,464,1
2_1img (116).jpeg,351,387,390,472,1
2_1img (176).jpeg,107,124,516,552,1
2_1img (176).jpeg,171,191,517,554,1
2_1img (176).jpeg,236,254,519,556,1
0_img (50).jpeg,136,157,489,532,3
0_img (50).jpeg,222,239,490,534,3
0_img (50).jpeg,305,324,492,536,3
2_1img (179).jpeg,55,72,511,551,1
2_1img (179).jpeg,122,142,516,553,1
2_1img (179).jpeg,189,206,515,554,1
2_1img (74).jpeg,265,289,481,528,1
2_1img (74).jpeg,356,378,484,532,1
2_1img (74).jpeg,446,468,485,533,1
2_1img (150).jpeg,268,344,158,317,1
2_1img (150).jpeg,581,654,169,327,1
1_10img.jpeg,194,224,421,490,2
1_10img.jpeg,324,357,423,492,2
1_10img.jpeg,455,486,426,495,2
1_121img.jpeg,279,317,371,456,2
1_121img.jpeg,450,487,375,462,2
1_121img.jpeg,619,657,379,465,2
2_1img (85).jpeg,374,398,470,523,1
2_1img (85).jpeg,473,498,471,522,1
2_1img (85).jpeg,574,598,474,525,1
2_1img (95).jpeg,643,654,567,589,1
2_1img (95).jpeg,681,692,571,590,1
2_1img (95).jpeg,718,729,570,592,1
0_975img.jpeg,223,232,567,585,3
0_975img.jpeg,254,263,566,587,3
0_975img.jpeg,288,298,566,586,3
1_0080img.jpeg,577,590,539,570,2
1_0080img.jpeg,631,645,541,572,2
1_0080img.jpeg,688,703,542,574,2
1_00218img.jpeg,370,414,327,429,2
1_00218img.jpeg,565,610,336,433,2
1_00218img.jpeg,758,800,340,437,2
1_00218img.jpeg,565,574,574,594,2
1_00218img.jpeg,599,604,576,595,2
1_00218img.jpeg,629,636,578,595,2
2_1img (56).jpeg,1,13,504,542,1
2_1img (56).jpeg,68,86,505,545,1
0_688img.jpeg,343,387,322,428,3
0_688img.jpeg,544,586,332,432,3
0_688img.jpeg,737,786,339,439,3
0_688img.jpeg,541,547,578,593,3
0_688img.jpeg,571,579,577,597,3
0_688img.jpeg,601,610,580,595,3
0_382img.jpeg,294,324,434,495,3
0_382img.jpeg,418,446,436,499,3
0_382img.jpeg,540,569,441,502,3
2_1img (79).jpeg,332,355,476,526,1
2_1img (79).jpeg,425,450,478,528,1
2_1img (79).jpeg,521,543,480,529,1
2_1img (28).jpeg,638,645,587,600,1
2_1img (28).jpeg,664,670,587,600,1
2_1img (28).jpeg,688,695,587,600,1
2_1img (122).jpeg,395,436,361,453,1
2_1img (122).jpeg,574,615,367,456,1
2_1img (122).jpeg,749,793,372,460,1
2_1img (122).jpeg,590,596,586,600,1
2_1img (122).jpeg,618,626,586,600,1
2_1img (122).jpeg,649,658,587,600,1
0_3231img.jpeg,708,739,450,513,3
1_00276img.jpeg,51,72,499,542,2
1_00276img.jpeg,126,144,501,540,2
1_00276img.jpeg,202,218,503,543,2
1_00276img.jpeg,189,196,579,591,2
1_00276img.jpeg,164,173,576,592,2
1_00276img.jpeg,138,147,577,590,2
2_1img (126).jpeg,92,104,550,572,1
2_1img (126).jpeg,135,148,550,573,1
2_1img (126).jpeg,178,191,552,574,1
0_782img.jpeg,220,317,44,241,3
0_782img.jpeg,596,678,71,261,3
0_782img.jpeg,200,212,566,585,3
0_782img.jpeg,234,244,564,587,3
0_782img.jpeg,268,276,566,587,3
0_345img.jpeg,164,185,487,533,3
0_345img.jpeg,250,270,490,533,3
0_345img.jpeg,334,357,490,535,3
1_0039img.jpeg,414,532,1,130,2
0_237img.jpeg,187,244,262,387,3
0_237img.jpeg,430,486,272,395,3
0_img (75).jpeg,389,421,409,482,3
0_img (75).jpeg,531,562,413,485,3
0_img (75).jpeg,671,700,416,489,3
0_img (75).jpeg,581,588,579,596,3
0_img (75).jpeg,609,618,579,597,3
0_img (75).jpeg,639,646,580,598,3
2_1img (165).jpeg,535,548,543,573,1
2_1img (165).jpeg,586,601,544,573,1
2_1img (165).jpeg,640,653,544,574,1
1_237img.jpeg,647,657,571,592,2
1_237img.jpeg,682,692,569,593,2
1_237img.jpeg,718,729,570,593,2
2_1img (70).jpeg,197,207,566,585,1
2_1img (70).jpeg,230,240,567,585,1
2_1img (70).jpeg,263,272,568,586,1
0_614img.jpeg,1,18,490,535,3
0_614img.jpeg,82,102,492,533,3
0_614img.jpeg,163,181,494,536,3
0_614img.jpeg,113,120,575,589,3
0_614img.jpeg,137,145,576,592,3
0_614img.jpeg,164,171,577,590,3
0_1260img.jpeg,529,565,393,474,3
0_1260img.jpeg,687,723,394,474,3
0_img (201).jpeg,1,17,481,530,3
0_img (201).jpeg,80,102,485,532,3
0_img (201).jpeg,164,187,488,533,3
0_img (201).jpeg,119,131,576,591,3
0_img (201).jpeg,147,156,574,592,3
0_img (201).jpeg,174,181,575,592,3
2_1img (131).jpeg,45,57,547,571,1
2_1img (131).jpeg,88,100,548,571,1
2_1img (131).jpeg,132,144,548,572,1
2_1img (170).jpeg,566,580,544,571,1
2_1img (170).jpeg,622,636,543,573,1
2_1img (170).jpeg,674,688,544,575,1
0_905img.jpeg,42,73,423,490,3
0_905img.jpeg,169,202,429,493,3
0_905img.jpeg,294,326,431,497,3
1_151img.jpeg,141,148,568,584,2
1_151img.jpeg,166,174,568,583,2
1_151img.jpeg,191,199,569,584,2
2_1img (138).jpeg,193,253,249,382,1
2_1img (138).jpeg,444,502,259,384,1
0_238img.jpeg,639,648,570,592,3
0_238img.jpeg,675,684,568,592,3
0_238img.jpeg,712,720,571,591,3
1_00197img.jpeg,566,576,564,587,2
1_00197img.jpeg,605,616,566,589,2
1_00197img.jpeg,642,655,566,589,2
0_737img.jpeg,414,451,379,464,3
0_737img.jpeg,578,616,384,467,3
0_737img.jpeg,741,776,390,470,3
0_737img.jpeg,605,612,582,598,3
0_737img.jpeg,634,642,581,600,3
0_737img.jpeg,662,673,584,600,3
0_2584img.jpeg,10,81,159,316,3
0_2584img.jpeg,320,392,171,327,3
0_2584img.jpeg,623,694,182,334,3
2_1img (68).jpeg,195,205,566,584,1
2_1img (68).jpeg,228,237,567,585,1
2_1img (68).jpeg,261,270,567,586,1
2_0img.jpeg,207,238,422,488,1
2_0img.jpeg,469,500,427,493,1
2_0img.jpeg,338,369,424,490,1
2_1img (60).jpeg,260,268,569,586,1
2_1img (60).jpeg,291,299,571,588,1
2_1img (60).jpeg,323,332,570,589,1
1_0078img.jpeg,537,545,569,585,2
1_0078img.jpeg,563,571,570,586,2
1_0078img.jpeg,589,595,569,585,2
1_125img.jpeg,1,11,503,540,2
1_125img.jpeg,67,84,503,543,2
1_0077img.jpeg,549,556,571,585,2
1_0077img.jpeg,574,581,569,586,2
1_0077img.jpeg,599,608,569,586,2
1_179img.jpeg,257,282,449,507,2
1_179img.jpeg,368,395,453,510,2
1_179img.jpeg,478,504,456,513,2
1_179img.jpeg,436,444,576,594,2
1_179img.jpeg,463,471,579,594,2
1_179img.jpeg,492,499,580,595,2
2_1img (33).jpeg,593,599,586,598,1
2_1img (33).jpeg,619,625,586,598,1
2_1img (33).jpeg,643,649,586,598,1
2_1img (143).jpeg,215,280,224,364,1
2_1img (143).jpeg,483,549,235,372,1
1_00126img.jpeg,1,13,503,541,2
1_00126img.jpeg,70,87,505,542,2
1_0258img.jpeg,308,391,61,251,2
1_0258img.jpeg,689,772,73,262,2
0_2430img.jpeg,184,197,531,560,3
0_2430img.jpeg,237,253,534,564,3
0_2430img.jpeg,292,308,534,564,3
0_2174img.jpeg,123,140,502,544,3
0_2174img.jpeg,195,213,508,548,3
0_2174img.jpeg,266,284,509,550,3
1_00164img.jpeg,6,100,63,252,2
1_00164img.jpeg,387,471,76,264,2
1_00164img.jpeg,753,800,82,273,2
0_2504img.jpeg,131,156,469,521,3
0_2504img.jpeg,227,253,472,524,3
0_2504img.jpeg,321,344,477,526,3
2_1img (153).jpeg,280,358,123,294,1
2_1img (153).jpeg,618,695,133,303,1
2_1img (128).jpeg,70,81,547,572,1
2_1img (128).jpeg,112,123,551,574,1
2_1img (128).jpeg,154,168,550,574,1
1_59img.jpeg,61,111,305,416,2
1_59img.jpeg,280,330,311,421,2
0_img (28).jpeg,204,221,521,555,3
0_img (28).jpeg,266,282,524,555,3
0_img (28).jpeg,328,345,526,558,3
2_1img (75).jpeg,281,304,480,527,1
2_1img (75).jpeg,373,396,483,530,1
2_1img (75).jpeg,463,484,484,532,1
2_1img (106).jpeg,154,187,408,479,1
2_1img (106).jpeg,294,327,412,483,1
2_1img (106).jpeg,433,467,415,484,1
1_238img.jpeg,76,89,543,569,2
1_238img.jpeg,122,134,546,570,2
1_238img.jpeg,168,179,545,571,2
0_2343img.jpeg,535,544,568,586,3
0_2343img.jpeg,499,506,566,584,3
0_2343img.jpeg,464,471,565,586,3
1_212img.jpeg,1,42,355,442,2
1_212img.jpeg,179,220,361,450,2
1_212img.jpeg,353,393,368,456,2
1_210img.jpeg,13,55,363,452,2
1_210img.jpeg,187,227,367,457,2
1_210img.jpeg,356,397,374,461,2
2_1img (30).jpeg,620,627,587,600,1
2_1img (30).jpeg,646,652,588,600,1
2_1img (30).jpeg,671,677,588,600,1
0_1537img.jpeg,19,26,571,588,3
0_1537img.jpeg,46,53,572,587,3
1_156img.jpeg,224,232,566,584,2
1_156img.jpeg,256,265,567,585,2
1_156img.jpeg,288,298,567,585,2
